Input Feature,Input Feature,Output
39.14690057017171,81.43456737504793,0.0
18.25102921965526,15.692596253786085,1.0
10.292563889772374,19.76082097726742,1.0
16.880854971370795,27.446969390187675,1.0
42.86794703751462,83.98123046930982,0.0
39.86338290977651,96.29644117149418,0.0
7.112723246005661,15.886117288989144,1.0
8.793365631674156,11.932502537160916,1.0
17.816986393132126,16.856828229585652,1.0
40.16627198608306,77.884066927512,0.0
39.80022549936078,78.50697046830217,0.0
44.548796290224985,94.80518240756126,0.0
17.611152398908132,34.260480668468645,1.0
11.579806837329022,13.450106253022422,0.0
43.170395533353286,84.11349347534994,0.0
19.750076003183395,23.900207872333006,1.0
37.77843970557045,75.5155516112625,0.0
18.207102286612713,23.29451163260468,1.0
16.07890987622076,32.9382295113529,0.0
41.13348181834885,73.31579704073789,0.0
20.774034802998983,16.82070889133477,1.0
37.471166688571806,69.06578205938823,0.0
17.61961347439523,21.233132896230963,1.0
10.173225886839905,15.147372820408695,1.0
38.55188991655572,76.47211546282888,0.0
38.265261456152125,79.10148186318087,0.0
37.34695439714805,61.71971876063084,0.0
19.358814370536916,32.10110898697506,1.0
13.272053401029055,19.203092790059827,1.0
7.80630764347834,3.188603022484923,1.0
13.291358590909688,25.30806853593314,1.0
42.672479977322425,75.48240599202455,0.0
20.773202616723708,26.23402749821784,1.0
14.136248280691461,17.807885407613917,1.0
18.401857495794932,14.936741463856631,1.0
37.834287628342636,78.98390798045708,0.0
40.49583223557127,72.72305751411095,0.0
37.142674122047424,82.86660318829362,0.0
17.91040597785319,25.134953961118413,1.0
42.37145647018837,91.04057797260384,0.0
39.58291216984426,93.33558980302483,0.0
13.578061534137369,20.032289100474724,1.0
38.1162232454478,68.68147708081705,1.0
38.183220007461166,72.27669642311217,0.0
22.061571181011285,31.440637266976637,1.0
40.487884756941966,75.61236844887142,0.0
38.62514204955383,84.46421713646107,0.0
42.13862414933015,74.0475092395915,0.0
14.14269663268881,16.86080821464353,1.0
40.457565949364565,89.39983074972187,0.0
19.70284319592072,25.785465662742123,1.0
38.94312039619566,64.33026253422267,0.0
39.06863748110112,80.99754806810243,0.0
40.36294399419333,88.62586292414639,0.0
23.241283338280248,34.5986712670172,1.0
17.933352731265988,32.29005595169097,1.0
17.210752098751666,31.417864333977697,1.0
17.77569826542865,28.64644059423079,1.0
22.15542812279692,28.040977108556397,1.0
40.14179353175591,75.98233648613335,0.0
0.9386136024038247,-0.8988236019261002,1.0
38.30752994567181,83.26532115545056,0.0
39.015683810796034,68.75718462435306,0.0
42.04379134238798,90.31627075879899,0.0
37.67416986315398,60.68526055813839,0.0
21.627735262478176,27.825345180177894,1.0
42.14657846977308,86.02194825355669,0.0
15.796945284542065,22.159529112771956,1.0
37.610606009422746,83.40256652400647,0.0
39.811092483165886,78.22404305841503,0.0
14.159992605355558,11.920398815569987,1.0
38.75313536956332,71.96257794853054,0.0
17.24809718159466,20.79960446862798,1.0
39.312616093321694,83.83934287713929,0.0
38.45981812305961,78.77847899145469,0.0
36.98750982910366,70.00424475454811,0.0
37.88177105085118,79.82723780209959,0.0
40.54967523686168,74.2721755530826,0.0
2.9610546247544782,35.02083436331748,1.0
40.72502414903406,85.80709424501565,0.0
43.057297856647885,85.5095245114724,0.0
38.41678341989754,65.08456669525032,0.0
39.13469072372332,74.40648373846314,0.0
45.25382389769443,92.12731511374068,0.0
42.12417945096374,77.72911323232367,0.0
39.976675947758146,75.0787686173685,0.0
3.9585384724696784,12.008408562964572,1.0
37.852728386435636,85.9513727769118,1.0
22.239131755317864,29.971865068728484,1.0
37.965017213231995,67.57842778752907,0.0
6.485411616544427,6.023011935801584,1.0
23.61038366915352,30.71530321864394,1.0
41.42092288673533,80.45391356685059,0.0
38.22100055327302,77.64297359227616,0.0
37.51013058901258,68.80615521479137,0.0
41.19902666352071,88.13961642171472,0.0
14.125233465036194,22.37299747633044,1.0
37.23878323456011,87.47427617100247,0.0
19.53107731957999,27.327717716539677,1.0
11.204020248095029,19.60060027807989,1.0
40.364574827998354,79.1675105978376,0.0
37.831239639837065,71.17321414815963,0.0
41.53875735797895,78.07492353676335,0.0
24.07566577745853,20.588453974359204,1.0
21.250988231837493,35.61480559609251,1.0
39.95026499172018,85.48725580539305,0.0
6.062449671375052,20.36121649497753,1.0
13.524691790154055,24.50477200925692,1.0
9.386977242983763,11.964177337150618,1.0
40.92556224784521,77.06695907215352,0.0
39.931197669729904,74.00414621652922,0.0
38.83833016316662,76.51728281200101,0.0
19.26528790084303,22.340269564538403,1.0
39.99622355767992,89.46975835513416,0.0
17.582356257695853,24.305160994560914,1.0
40.34708188983966,84.4195755184454,0.0
17.32906618677688,22.39356253757152,1.0
10.254042889221301,9.48918534410428,1.0
39.202766317643906,83.03294564748477,0.0
42.62618282736181,86.09381328569938,0.0
20.5646604620723,21.640334278490318,1.0
40.69046074538455,84.36051418101623,0.0
20.79031286157428,16.35483887695551,1.0
31.947562657137176,31.376688350907493,1.0
23.880000299541415,23.109273242892815,1.0
40.642531387237,72.76153572387624,0.0
38.420555254931294,84.60066442136294,0.0
7.232979384227114,18.75764741578996,1.0
23.477609868721856,26.886811009357924,1.0
41.16108909818324,82.84110353785827,0.0
13.716564425860572,14.745743737368883,1.0
13.167651710617315,14.826573586203022,1.0
40.90525407577584,98.00600946009295,0.0
34.85676444369236,64.24099180337832,0.0
39.11248093668873,75.50996974491551,0.0
40.80051149529334,80.2660706217249,0.0
42.20062100164747,87.28494656145166,0.0
39.180784774192226,83.51137584278926,0.0
39.67657708829367,84.80311720811909,0.0
16.221731775457375,14.39716166024305,1.0
41.78514441621554,79.93055165643274,0.0
11.964081445676332,14.724595152573116,1.0
13.222683782888438,20.31104995010578,1.0
39.22401378302179,74.50382068118874,0.0
42.35206382135067,79.56215310231771,0.0
21.164622095827003,36.25476230276939,1.0
18.978951898240922,22.72352617974978,1.0
37.071677986203866,71.08166476340028,0.0
8.729711262918844,8.748343673226776,1.0
37.60384064372198,81.9842272998761,0.0
16.095008080374456,20.319513751355444,1.0
12.744000926961862,33.34594587549772,1.0
20.397228232334477,34.29667534212899,1.0
38.19791754813707,73.00314545052929,0.0
40.50709569158548,84.52812225951199,0.0
15.861377795125279,8.65989117604229,1.0
42.384513291599255,91.35021844153678,0.0
41.96642004742372,74.31118896747783,0.0
38.145890582069015,66.75317507633585,0.0
11.199291831349258,32.99770845465303,1.0
21.8988262840603,33.225486756946296,1.0
13.430818096467465,7.080178020340121,1.0
37.256300785056865,66.6039321770891,0.0
39.96716727383795,88.5616998949464,0.0
14.03236961375323,23.916130830466123,1.0
38.83246272240754,72.90990338965136,0.0
7.861119178793255,0.4461933679281209,1.0
37.36891272916415,66.37166939723203,0.0
10.818131041508867,17.050515132296855,1.0
41.518672449267825,70.83928645857063,1.0
38.48386021224117,79.94731604854391,0.0
11.888990707289745,16.54086194709912,0.0
41.36127475791647,80.05837765519868,0.0
39.69273674331387,79.82329947107598,0.0
16.221666801965178,21.29648936397736,1.0
41.94525827778827,74.02355724726601,0.0
40.9442564353403,75.9027942674468,0.0
44.06451595998125,76.06464539436686,0.0
17.730944436356616,34.70356378017635,1.0
42.0400858290141,83.57383551429605,0.0
40.46975160046822,80.51822417972954,1.0
39.59932969566797,71.30686956560602,0.0
13.25191516544675,18.3499798113795,1.0
26.3562710511155,39.64473822009608,1.0
12.906189770651032,12.553029869990254,1.0
18.880528605432445,7.954722383651758,1.0
37.89625584070926,78.5951888553331,0.0
21.339526673175257,29.768310175782094,1.0
40.92843156872616,89.34167396772992,0.0
15.450210269515038,34.98003514327088,1.0
15.377042304695486,16.417851976933612,1.0
37.26575075559277,86.49001745996505,0.0
4.982797382535306,-0.5664347676851058,1.0
15.727396289907592,31.400181084989686,1.0
41.027333700236,82.55100575443107,0.0
10.153266421047661,28.005825296142774,1.0
20.880081501506364,41.52192198958271,1.0
13.310366088243226,7.242640722201996,1.0
39.96711167143031,83.389147647135,0.0
38.33637649967752,74.71480448964886,0.0
6.434958030234203,17.960687471860275,1.0
37.616925307856775,72.1048551799638,0.0
16.751204418781587,18.201685407059497,1.0
18.47320233499845,13.571158935249255,1.0
17.020779038234416,6.042796876183033,1.0
43.45601944235967,96.5127419716417,0.0
17.01588162428779,17.386952759162305,1.0
41.1640219916467,95.90888888365846,0.0
20.566881549891328,28.208176703827895,1.0
44.307146672652706,92.88807383308037,0.0
11.076261683301123,14.982625542693057,1.0
42.03572423615032,82.74879715095979,0.0
21.36505753360338,19.376416815230048,1.0
18.800328641225292,5.144674001084413,1.0
39.265701329616185,79.32298893811026,0.0
43.86307725253755,92.01902243485517,0.0
34.50262258967318,59.92686311511295,0.0
23.09397671828455,14.389478677173145,1.0
9.68254741528828,18.331775287584147,1.0
8.567006888849292,12.02804753701527,1.0
37.631148445666156,75.51878401190477,0.0
22.672792283854818,25.999711379937885,1.0
39.47865647762265,73.61926745231764,0.0
37.8073843550724,82.45772283250312,0.0
8.221336598611106,26.256632344833186,1.0
22.58631569143839,34.3676192162721,1.0
8.862737369799655,18.901830680098033,1.0
13.227552852995663,-0.2020766020749818,1.0
40.07156627761916,84.14325458502678,0.0
21.01808543376407,26.888226372210564,1.0
18.044378021369816,30.18545804123246,1.0
39.99729403500787,75.223402491933,0.0
16.236487294362448,13.67156104632109,1.0
40.120188182992976,74.86089243455302,0.0
17.199147389117773,20.679726102941668,1.0
9.837109807433198,20.386466334201607,1.0
39.06675726482971,83.28679461532819,0.0
21.935505316109996,28.449520762899876,1.0
14.42894329881905,20.322963709962274,1.0
34.817682335399326,69.16210091915029,0.0
43.307527872409864,85.03005433962589,0.0
13.884073246336483,16.82424638248456,1.0
15.390048562204308,27.837068176737418,1.0
40.71911780168947,71.07883537137052,0.0
40.76526181293861,78.26757513369465,0.0
36.15079856015226,81.31496949193424,0.0
38.80192570745899,59.21994362801071,0.0
41.34057341773679,89.3205788574009,0.0
39.09924548903426,96.05021728321411,0.0
17.233878256361574,8.844917759906776,1.0
39.46330094338166,83.70236329909126,0.0
5.1493815913565015,16.124550284006908,1.0
22.06932544017822,28.59909884526317,1.0
14.170038350656464,11.8963902965677,1.0
5.291526528309051,20.976279009666968,1.0
24.972031231238034,38.8716907759471,1.0
19.62488710042599,33.20249735243877,1.0
42.3334777235719,81.04947943719768,0.0
16.820681894578364,21.8427354741688,1.0
40.15250332521958,70.54642156338049,0.0
18.94629622523055,24.83791870618876,1.0
16.083427728117115,21.01154679745273,1.0
21.895755513322023,15.080252483432979,1.0
39.880208590688405,81.41514225178086,0.0
42.46463800115874,81.93547908492826,0.0
37.0731121821499,83.20778829451672,0.0
14.619445450262077,8.96133523851981,1.0
41.46515723882028,78.57786780837881,0.0
42.557902209316914,84.06206000890676,0.0
9.571017654228168,21.82748960250208,1.0
38.723711966873374,84.98804960711955,0.0
38.816222571009696,74.78987675352748,0.0
41.50285664952253,82.68721690200385,0.0
39.30676832324906,87.15250619863953,0.0
17.41210262240995,30.35103805566855,1.0
40.58424373329686,78.22650632278054,0.0
45.2556232613089,82.9150210932185,0.0
12.009209771188734,29.305410596701787,1.0
10.328129818119775,23.93569650154342,1.0
38.796319560361596,79.29492280186335,0.0
12.058595430888033,35.194010716694955,1.0
16.631672048797604,28.701977189434956,1.0
36.90129108633423,79.61912605780387,0.0
38.78874026172567,72.05707081941263,0.0
11.658358576676916,19.29008173193304,1.0
14.752374782612872,27.18470957602384,1.0
43.31680898016168,81.1364544528036,0.0
37.982525965781505,74.21725155587568,0.0
40.28422075107742,82.12211272540888,0.0
43.83055526787596,76.90329661227042,0.0
42.73460045176585,80.86357917204501,0.0
14.894800192522816,27.040763744254,1.0
9.817280709065741,16.376799086253943,1.0
9.927873817356037,14.166318298737671,1.0
9.577883527020445,15.627299110690736,1.0
10.96024984417307,23.69550969371957,1.0
38.552143719533895,70.70315587757655,0.0
15.051645704935739,22.242187436171324,1.0
38.00089919793693,74.53435871322674,0.0
17.808220403351054,23.51609860200275,1.0
10.60173801639969,20.316055413483127,1.0
8.807990868613718,14.248231491360063,1.0
20.493623936468488,12.875807087512296,1.0
41.7861256345834,100.24967914132515,0.0
18.265137940732068,25.38049811047291,1.0
37.12656808473721,75.68945874907766,0.0
14.995254304495322,10.217769717605409,1.0
43.85560692700815,86.33210356678475,0.0
38.36570656084688,83.81588447226301,0.0
36.358328124888075,69.89729881478347,0.0
8.955654667971945,2.0438255839258694,1.0
40.79578582615605,75.73947965483534,0.0
11.344181024676729,25.810451439267744,1.0
17.418124736950556,18.774620752786532,1.0
37.02968055262188,80.72489245045577,0.0
9.94381517278168,25.968991909666336,1.0
40.20938780497171,77.04596901072165,0.0
14.273779478670301,28.675802057684642,1.0
17.534402363270246,32.69831651773448,1.0
2.0253086772657287,19.763645732465186,1.0
42.044434257546996,87.37741514318702,0.0
36.37108529811084,80.43090896898553,0.0
43.48791484478094,82.09321677749534,0.0
2.6657041199062714,9.591894988696684,1.0
19.543310331081443,33.15561923133335,1.0
44.41557859996877,93.53867996747874,0.0
41.4808570762121,80.05905830576974,0.0
15.873716103196962,20.707765562462352,1.0
22.360292506041713,19.221735538585612,1.0
43.47029488319957,92.76092057642643,0.0
17.354623452773936,16.162563928929544,1.0
42.67971668401731,77.22641313758815,0.0
43.78773547734427,83.06629326017244,0.0
37.20680804048051,64.82702110909474,1.0
17.315402650850118,14.107520970987041,1.0
36.916215957211044,70.36813116986733,0.0
11.876759265499624,19.902248423649414,1.0
21.553096258469687,22.44749590572304,1.0
40.046788781574605,77.36449568399104,0.0
38.78482368594182,81.28181195065459,0.0
18.286121970443702,22.04439378412247,1.0
23.191674909783213,35.69356369671006,1.0
38.08918204158005,72.17207758403724,0.0
16.86384695703535,17.00266540831787,1.0
9.24000566927259,21.662481126244057,1.0
6.64087160098452,4.7900395426965705,1.0
42.97433717419528,85.86871153260536,0.0
39.48320343121656,80.46242285942348,0.0
41.724417046542435,80.45269433297611,0.0
39.69689668245262,74.10649921944601,0.0
23.84446845372056,32.842809133965105,1.0
14.79273702707799,24.141729446404764,1.0
40.636519325614984,90.752741392084,0.0
39.67893893436343,68.87112553935971,0.0
40.57383586170519,86.70922911701496,0.0
42.20402221434833,89.26351750047284,0.0
39.73985569490386,84.07293905799754,0.0
36.68699554046393,61.589864799309055,0.0
39.03130547399309,78.86626049602471,0.0
18.923712938132233,25.985764988641325,1.0
19.457703193762093,29.3756759005352,1.0
39.34934173371824,77.25147260315931,0.0
38.63761265267986,81.88296231501712,0.0
42.05426683103267,74.60543163625233,0.0
40.34931777078862,84.47578824211548,0.0
22.368867746304847,32.33512599633403,1.0
41.65390154474082,86.96015503240575,0.0
11.459504714229205,23.213065735627016,1.0
39.702910319500354,80.80316883506204,0.0
41.079549998632466,78.2957242147067,0.0
5.608376832064064,5.332043200655098,0.0
12.513165529431967,24.5547242069778,1.0
41.787524445408344,81.94021668722061,0.0
39.754348796764,69.08506353758052,0.0
38.37088093010888,84.210676023031,0.0
41.979525405309495,92.34744987799343,0.0
8.321594704031089,4.5205979964856,1.0
38.00418104311743,77.45319980195607,0.0
27.591690201807012,10.140859432572034,1.0
19.968019450587455,24.662494755761003,1.0
37.7818302473862,75.56321880899013,0.0
37.270835188977706,80.92140066725267,0.0
33.70943045252104,62.423621590223135,0.0
21.484739134987958,22.924064589184287,1.0
17.26405075499241,28.788812509156735,1.0
37.99801947081092,75.83811092177653,0.0
17.264554812640583,27.677093420040826,1.0
41.249967743602845,85.56156720065043,0.0
21.905009652179107,9.741744119839645,1.0
37.28561101604464,75.95859870391834,0.0
15.3292737127831,20.40100529727165,1.0
12.709621814117401,9.251017503006619,1.0
35.719436709805116,82.9091706840833,0.0
40.63998742328966,68.01555911058995,0.0
15.528928074684655,7.179074119560196,1.0
7.467521138298412,14.070433774573896,1.0
37.81183896992423,78.85878593760644,0.0
13.804856420448386,21.07307681707627,1.0
41.178237789606754,89.45504374380205,0.0
16.572835952213516,33.213191024528015,1.0
40.07319128065831,86.67723046774132,0.0
9.930761536721487,11.882815479323675,1.0
19.38895027449085,26.517076954612243,1.0
38.27149470547371,78.76882389702305,0.0
24.780455080125435,28.344947761222166,1.0
14.67121485060289,23.960412658945884,1.0
15.867511657439742,16.419718481114895,1.0
15.321023936760652,27.261127247033805,1.0
19.30288738821688,23.238637360032214,1.0
9.250741154130719,5.731495091270675,1.0
13.8913264036805,22.50565407301896,1.0
14.049716647143658,26.161143104747264,1.0
8.445962350302562,19.25131488677037,1.0
8.272591934916612,-1.4923475608353094,1.0
39.447125560694765,79.89444319294176,0.0
23.389927056988704,23.996758715914233,1.0
17.923165303729412,29.577235719134265,1.0
39.79871820090378,88.0061436237269,0.0
7.645152625882522,12.828017451719628,1.0
35.572104613252236,85.77223633679048,0.0
17.567547946309222,2.2274962116120776,1.0
18.588198634353695,16.38851346928974,1.0
14.179830405177276,24.84538557461947,1.0
35.59219831731118,58.75245072927468,0.0
20.248402429403534,35.098751261981896,1.0
38.31835153083577,76.57331252762754,0.0
9.3240798719422,8.560891016211283,1.0
13.43674102022791,17.641801770762775,1.0
42.061114489119156,95.4675805259857,0.0
37.460095861249194,85.51637423572981,0.0
41.36611223363444,87.01739248803068,0.0
11.45957719394672,7.436993625585279,1.0
41.78747919508968,73.35144115804924,0.0
40.148438326298205,70.55661508842772,0.0
43.182881838774954,86.09842471286797,0.0
5.592142707589973,14.610082992302825,1.0
43.124723271474735,74.99108677489997,0.0
39.52597224183348,66.03980923028556,0.0
20.083786565920917,12.52864677526362,1.0
15.221011813861608,32.99438238082338,1.0
16.38971486890549,34.100555050021214,1.0
37.39553639505027,69.89801063516109,0.0
9.438740538371215,16.417408348365402,1.0
42.663709974748784,86.08234009148696,0.0
41.213650433753656,64.95032411541276,0.0
12.612924503575847,10.832035880202517,1.0
13.576401923145568,20.752494856448372,1.0
11.370725075934647,30.309843357967694,1.0
18.728641398784642,15.80310216799439,1.0
36.697705092482835,68.56191189544172,0.0
43.52983448275077,93.49412870321905,0.0
37.8337611021527,89.14080776274423,0.0
43.37983317403638,93.98206890182266,0.0
37.15072919778688,73.17966516480493,0.0
37.71512283816226,78.70403758327974,0.0
14.803907833851037,12.516094664345921,1.0
17.272872221824926,16.173465058343275,1.0
35.72094962616743,67.48531870653594,0.0
14.280001563942136,21.251348403217566,1.0
24.423250159644713,25.93802211486732,1.0
9.972666790785162,-1.8753975899366502,1.0
16.622220491886598,20.564591691753872,1.0
12.185205477860226,18.777171794580834,1.0
8.74517180354429,13.459740977824765,1.0
6.517241796310817,-0.04333590294739409,1.0
40.501368710811114,65.63979759296723,0.0
14.365446417681056,5.000863716951065,1.0
13.741745035122024,26.764487722608816,1.0
11.994821172610173,13.36663247229179,1.0
12.826194648995315,10.945726005742056,1.0
3.9490720230088936,3.3799946113045145,1.0
9.291483908737952,21.806393499648145,1.0
16.132980465531944,17.19547743385965,1.0
8.774261353043325,23.82558521721247,1.0
14.288100376066227,46.561465020626386,1.0
15.340344237448074,1.4949608263503613,1.0
13.941329010569731,16.88213684133181,1.0
10.093558086044855,33.20957694826915,1.0
7.022612789171929,16.58184095721245,1.0
9.658366303455246,5.377912399954832,1.0
11.509132467142171,16.30958727791402,1.0
14.333602289060401,22.40547740376952,1.0
14.914839066108549,14.97949745795437,1.0
41.68740169745523,81.44808351396355,0.0
17.08216850787353,22.27660037741787,1.0
36.46486597704708,73.88272780125861,0.0
39.43379695741523,77.01260512034534,0.0
37.442392802007774,86.7903635405148,0.0
41.545727050239066,71.77448790182004,0.0
41.78004211792443,76.572430841397,0.0
6.230129964141442,21.16317233176193,1.0
14.179944682292257,15.717450002708256,1.0
42.05240041173263,83.46517956952502,0.0
11.084016995754546,21.158962824082934,1.0
17.731895671033584,35.56064487289661,1.0
42.117988138698074,82.41239638967896,0.0
13.0522313819361,17.462406505353325,1.0
10.578834140897659,19.95878005661403,1.0
17.341286106787912,18.85201602962496,1.0
44.21774723774082,84.12564518448174,0.0
23.832643749281928,13.992730748804917,1.0
40.06100690254981,79.10274321207314,0.0
9.296423603319155,17.081642054066876,1.0
39.137141440552135,79.846676884981,0.0
13.882760682073998,21.73484825620702,1.0
3.663361397599619,13.889893942360814,1.0
39.56906078151797,86.5729708185679,0.0
39.30104320897425,71.62854908742236,0.0
0.7597195511170831,8.655010508780805,1.0
20.578332360342678,13.837299040451843,1.0
14.350367817247221,24.91863591346728,0.0
16.293125163877004,7.368222786431632,1.0
41.058755796553086,87.04317909127653,0.0
13.721671885990508,15.608396200530848,1.0
35.68639206596175,67.509704651401,0.0
39.88545893498463,88.37159649895817,0.0
39.630780601325526,92.60576396102877,0.0
15.130191840553216,10.732798218251578,1.0
38.23366500408364,77.96552417441016,0.0
41.37372435125092,78.6670922264025,0.0
17.921202159455312,13.90589433378368,1.0
40.1825009775195,76.81673665489795,0.0
42.53301917710377,83.38774312950588,0.0
39.37626364905452,76.34619747183797,0.0
16.222828484375874,29.198994195362342,1.0
39.915582250379614,68.61232662008811,0.0
42.79864341126151,79.92447803807433,0.0
37.368229951497355,83.15867208299522,0.0
19.4425096084995,30.069234074527564,1.0
41.85419564662477,86.83739408168748,1.0
6.732999100875075,22.76229835718485,1.0
43.105694795711145,98.05782078301631,0.0
39.54169714735256,76.85106885252182,0.0
16.68881267291084,24.73099498366481,1.0
9.537897093814498,6.744835116959129,1.0
40.10657245991465,82.97114880524563,0.0
9.431082631144783,12.859883801057885,1.0
42.67076437763904,84.3394602379859,0.0
4.03821255053766,13.743945115703285,0.0
5.215412153183541,19.383975159085452,1.0
40.64936050164332,86.632840037013,0.0
5.517295662421121,6.37232752953194,1.0
38.44441803831605,76.14580244660301,0.0
37.74236889251932,76.91241723849471,0.0
20.674948010316015,19.46771170115967,1.0
14.80659811594053,18.108801014275762,1.0
41.86690696944137,76.68866136460434,0.0
40.07680665982026,80.64395253988997,0.0
37.99517181050072,66.92190574960426,0.0
9.368909093525641,9.572061533331858,1.0
15.015944491858466,11.981648663761673,1.0
13.624007701694035,10.605922065362908,1.0
13.777129202257322,17.15429457909266,1.0
39.50195037578685,84.07541458024663,0.0
16.998687425828216,20.716151317059264,1.0
12.774074841794526,11.115254611184731,1.0
9.537538904535642,9.790934078427554,1.0
39.37310802336798,87.83108475963752,0.0
36.77796018321253,71.02905073820337,0.0
13.694851314884563,10.005103236226484,1.0
37.255525024404676,79.95335668214926,0.0
9.42982481319402,16.391276839388418,1.0
14.546695955938013,5.680785423967768,1.0
21.916461282039734,37.70314916878672,1.0
44.32881892324531,96.36244948675665,0.0
7.713188993714147,14.334784490089113,1.0
21.52863022182013,25.06867943566696,1.0
14.747241190071056,-0.4718138530915148,1.0
16.54841696191074,20.77999666465034,1.0
41.48655524948345,84.82936471273241,0.0
13.850243798549016,21.29560539912261,1.0
8.500971968345606,18.25825258302946,1.0
12.455168808456737,23.830800591420036,1.0
40.796647563833986,78.12727360033385,0.0
41.229981163755234,87.96855095576562,0.0
37.61302819955001,75.68646408822241,0.0
41.02863096663956,78.49645191598867,0.0
16.591130788027463,19.357924863109993,1.0
17.494555765106984,28.45226617048703,1.0
41.40083757875759,92.62169388044201,0.0
39.15665735861622,69.42650447448423,0.0
41.28767232396388,96.92477060601973,0.0
41.463823659173116,80.00165374341336,0.0
15.599831251632757,9.087499120425774,1.0
41.40546144893916,73.97421544875101,0.0
41.971230254575126,82.88930827918216,0.0
40.39966592841393,86.12412157306963,0.0
23.907152496111785,23.98505912874335,1.0
12.078825999743119,10.157275298963208,1.0
40.48628004083996,78.05570736520626,0.0
39.97202971991315,80.53968442017896,0.0
17.660454338330645,27.797941454377497,1.0
36.34617903054931,67.19467150783403,0.0
38.77840912617711,81.89824721262526,0.0
11.269168587569249,20.56847471019129,1.0
15.657320276327898,31.302586469003913,1.0
41.38364173458359,80.28223843775196,0.0
40.8899580653681,87.94977120021919,0.0
20.987631230598105,23.651063024318354,1.0
32.49603749813591,52.018493847831465,0.0
7.00275122441773,22.24130976788187,1.0
39.654258286067716,80.77844567523839,0.0
41.36497754505689,80.77054208847136,0.0
14.523809513145618,22.064116444847986,1.0
17.63482985510747,15.71979062023225,1.0
22.97038097007388,35.35527876485632,1.0
12.085890585468055,18.441947748678814,1.0
37.53919020817181,65.19714680589976,0.0
43.57118493111899,83.71981156039354,0.0
39.514477823451315,77.18498673326503,0.0
35.71450854909927,71.70599783815543,0.0
40.88175015521721,73.1965953518752,0.0
40.692894793987904,67.99144838731237,0.0
39.859901143639895,82.55675744967384,0.0
36.06539054140132,67.13454161743026,0.0
39.463152595956835,73.11452287378742,0.0
39.82910764004266,82.68226214904841,0.0
17.63922061845785,15.795434941206983,1.0
19.231530581609867,25.4747878653499,1.0
17.453566719219612,28.426782861753573,1.0
38.80515401398483,80.75063931719292,0.0
6.077961986175595,14.545026204620175,1.0
16.334983495125865,16.021597105532365,1.0
16.158235726393787,20.125077989607814,1.0
10.987065592440413,20.587194233579936,1.0
37.851515103243024,59.05696798947571,0.0
18.717609353404203,44.02335080954785,1.0
43.5456812572714,93.34436148974514,0.0
25.649189123443453,25.603472180831115,1.0
40.27534164916399,73.75295103124894,0.0
40.83863091639095,69.12206609299415,0.0
17.510844798705733,21.922491676509097,1.0
11.31972903370545,-4.170024298909173,1.0
18.938655542100246,24.595667179019372,1.0
39.443255147490454,80.53671513988945,0.0
14.557842397343832,18.41632477749724,1.0
13.153783026392755,25.792776894233555,1.0
37.44123980892356,86.48060976654462,0.0
40.97146641567609,79.35633430973725,0.0
37.116357912181634,68.5345072428054,0.0
13.801058788045697,18.16424175721335,1.0
43.91520931903788,84.31044079218152,0.0
38.667877691813864,65.01355333981472,0.0
39.56293447468576,91.30796540103202,0.0
17.52784071741326,42.30281052987769,1.0
40.35503290488027,75.92844839032173,0.0
19.19728921615866,27.65290239302074,1.0
38.317167130587606,74.91843534181272,0.0
14.17894819618472,18.26258384147995,1.0
15.065513018691885,31.980577634270837,1.0
19.069837652538784,41.378254928893796,1.0
45.043880734254145,88.336734792065,0.0
38.63849275521096,77.66058923504754,0.0
35.99316309620711,72.04665206494147,0.0
39.633041674946675,73.20717169322049,0.0
20.150182670293308,17.165511949215027,1.0
17.84361749799858,23.34294360761208,1.0
14.808641545661416,22.992150135496363,1.0
42.15703462279562,93.07075727802274,0.0
41.53478091404335,76.84184871478732,0.0
7.919601547412992,6.493372680275016,1.0
11.531371903283226,8.04406619898842,1.0
19.63091970608428,12.949546567249666,1.0
39.5969467649171,71.24970501558515,0.0
37.06794809273845,83.90096191489958,0.0
12.775713971168614,27.415941715166028,1.0
19.875362615475105,26.238430185819652,1.0
16.659790331246224,15.962377443023446,1.0
15.80647189405716,28.439643744218277,1.0
10.401513704391206,26.23969160362864,1.0
36.20765038077308,72.47252109711839,0.0
37.267094135651426,84.3788074971753,0.0
36.730019531735074,73.173220710725,0.0
40.075391306829935,72.87159439614265,0.0
41.73005496154251,79.81588723225292,0.0
7.094637012490754,24.195896945371832,1.0
7.231121314210616,17.394206941304684,1.0
43.950380822863536,85.48824845193691,0.0
39.91189859486842,92.40772651512894,0.0
9.421683913462829,9.808230432574735,1.0
39.34408850252203,64.38179708089802,0.0
14.944814957781933,16.053352357886332,1.0
13.319957811428615,20.76247464730729,1.0
41.35239372105512,80.2196267462239,0.0
39.797827994278876,71.93439794452269,0.0
41.634302768449395,84.68802065572284,0.0
14.185883738921813,22.901376573858485,1.0
40.841568462700316,88.70794425019574,0.0
10.864078096816517,20.694092952696664,1.0
43.35426365306205,89.40926018626928,0.0
38.777242845328324,82.3854228381841,0.0
43.16965994770365,96.3647445348901,0.0
22.2719078852654,31.77696453833918,1.0
40.43198118595456,82.7641651395069,0.0
21.777701037134154,21.51297120330038,1.0
41.75977997807765,80.63335022324705,0.0
17.396758281656933,17.46418828675233,1.0
42.55102058052815,85.02849381850058,0.0
42.94442073838796,92.93438596158065,0.0
12.601358369356603,5.048168651569979,1.0
6.388622230530956,23.26801997225399,1.0
38.45090585665045,82.72534416616494,0.0
17.99820850116992,11.863848879304598,1.0
40.75810365504032,86.5011134162835,0.0
21.59463706157497,29.92281904170979,1.0
10.99307921250682,7.745312393360026,1.0
17.311310055266794,29.103141018362116,0.0
14.638933197058073,12.974880905874315,0.0
36.78933715133489,71.17208960329232,0.0
40.62891859384117,83.8125645710019,0.0
13.922041942634717,13.077275771154238,1.0
38.037550618311904,75.4761158691529,0.0
17.4429931991667,23.296641604720136,1.0
22.865469678055575,13.457515554124724,1.0
38.30908797609761,78.41666875744737,0.0
37.376160212548875,68.01964066888125,0.0
39.48703899592168,78.63697560477658,0.0
38.529795429301785,79.30524350595257,0.0
18.100946287655965,16.7589584820393,1.0
41.0938489999363,69.96537881131157,0.0
37.016059777465955,79.66516825926567,0.0
13.415350820647372,29.847194698450537,1.0
12.944919417981763,20.316507473533324,1.0
38.43174221286827,61.9096902340913,0.0
19.928044003088207,25.968652530335113,1.0
42.25632761954314,94.71316616847787,0.0
25.061042226494404,35.381185950214416,1.0
38.95804493036233,79.5233722001868,0.0
13.505177637940596,21.367100197891343,1.0
17.182048604930493,6.761774375239856,1.0
43.62714371471365,87.33659771055741,0.0
42.767147125510334,83.42085410272345,0.0
16.496765892726295,29.99148775243666,1.0
14.271578202334704,30.3766059991778,1.0
20.18347267163801,14.938860276290454,1.0
36.14052003274079,76.67254994152445,0.0
41.57901917965755,78.3955536479635,0.0
40.66771269718852,78.13855338386028,0.0
41.33197149131354,86.53418655478585,0.0
41.437550737963875,88.90892663743581,0.0
10.149489829849786,15.581118836250635,1.0
42.230105154072824,73.30300410093557,0.0
15.638718675517477,20.236437942730284,1.0
41.66685580225225,72.85059410813192,0.0
41.16823147571648,79.71663573490143,0.0
40.157202258532955,86.95170200784747,0.0
21.98576846552519,30.332019465977293,1.0
37.346023568693354,78.78996015668294,0.0
17.597610804542036,23.838624765649783,1.0
7.680916742321597,11.877853918101529,1.0
41.55988684141696,93.14680823968584,0.0
40.59584868223928,93.88423122550881,0.0
39.23927251571603,76.00332971227019,0.0
17.313547811827043,28.26816581290565,1.0
38.501978489199765,81.47526141604183,0.0
42.90890468792152,73.29100105509684,0.0
20.10794796744792,20.25002692374017,1.0
36.343350887736285,67.33696611275663,0.0
14.78431936383831,30.582781158183487,1.0
39.92719581037492,77.33645064359402,0.0
9.702715485316002,11.127465069366586,1.0
16.254628506577394,24.415345522439797,1.0
42.30982267464715,77.34800323890623,0.0
13.221889950230018,28.26926393797544,1.0
43.32281529001427,96.7516411363926,0.0
37.366322287332416,80.89951534427074,0.0
40.97832704810511,77.88752886360776,0.0
16.02252594116262,12.705797344760523,1.0
38.0742062491722,81.43112761750082,0.0
38.478382618908284,80.81814033471252,0.0
39.43856431076601,81.19786135552214,0.0
17.318089806644437,23.72354268126282,1.0
39.996690984711535,75.8896536702396,0.0
9.104165498725456,18.403904462674333,1.0
16.192752551643416,32.41634026816215,1.0
5.699193882919397,9.317554852015716,1.0
17.743645150046543,24.596906178108707,1.0
40.808152707408,74.30377505475798,0.0
40.75531243270737,75.10707940536967,0.0
37.66813492455958,79.37898068241466,0.0
14.936166082703917,21.15025677545755,1.0
24.40997014351516,20.271129626632337,1.0
39.75912429366279,85.54057702726695,0.0
17.83812780554535,11.32113344349571,1.0
39.94857602993208,75.43000551738416,0.0
38.33246799959149,77.8527330380353,1.0
12.925875098807511,20.76248901011409,1.0
41.09157973727717,86.61402228632087,0.0
0.29474722180690804,7.876768214686512,1.0
15.863383663687722,16.593643088690015,1.0
21.15313599403031,28.47672405369703,1.0
39.946548577898135,83.38776582622236,0.0
18.639080952193762,16.68800671343026,1.0
40.39055816435745,87.17676462055414,0.0
41.60754102000999,85.1848889971364,0.0
40.354330976107164,84.60785798987652,0.0
40.871559852660695,82.77755927021164,0.0
40.31953445198567,82.69327302825809,0.0
14.993935293462869,23.31732043764842,1.0
18.63055437643947,24.460462969925167,1.0
9.21815906330784,22.385099916910022,1.0
6.244862799537685,25.441622788989687,1.0
6.462617304954426,19.218915277159823,1.0
4.410646860710573,25.652025078961692,1.0
41.094403116786005,91.61098383956484,0.0
21.05941468059421,34.673784426828384,1.0
40.26940621884042,82.21797330275761,0.0
11.076749311926157,29.539832761003268,1.0
39.13585509486752,80.58722788956268,0.0
40.54346121024359,84.87300111896533,0.0
12.781497993226981,5.861448220767214,1.0
10.17666297334447,24.385842796846113,1.0
37.59650033216491,76.14261886589773,0.0
7.2115035813035435,12.331644755895777,1.0
41.60829256591336,93.11020039042714,0.0
17.264241120167057,17.603688585488726,1.0
36.78017577111328,58.67012320015052,0.0
19.369033313386062,21.370260212804546,1.0
18.50031164183206,25.75281963572057,1.0
19.296515464461955,28.59527944132264,1.0
16.88623244589092,4.3023597886608425,1.0
14.853813534153385,28.453311990269576,1.0
42.56920081358937,86.8987929494401,0.0
17.0654901541914,27.04405815909181,1.0
37.56980662355911,70.79634376971327,0.0
42.10180169441811,94.91758733726141,0.0
40.98122428374362,79.60147726901852,0.0
39.412827487774564,79.17521020298608,0.0
42.016890281300206,83.04156918387726,0.0
40.39409847176255,76.98460626887365,0.0
15.73122164971347,26.767304553067902,1.0
41.62424190237399,75.73095113411243,0.0
8.127599193529932,6.686536049753263,1.0
16.156406616177684,23.789461752554708,1.0
41.75789854944752,77.90164334730213,0.0
18.63348456751194,19.01963057149805,1.0
19.337166422718546,27.906568405464085,1.0
39.382779382571464,81.26013760841902,0.0
3.5201309925387374,15.96704714953981,1.0
21.164477245209962,24.722626322639783,1.0
13.072787639881513,10.83490658125566,1.0
41.14583921222288,88.35651493435803,0.0
18.575051259026104,15.966449496244532,1.0
7.489921487031564,18.974484597465413,1.0
39.45309413092828,73.18143236337428,0.0
9.696125228394823,25.773098658123768,1.0
38.77888999475245,78.56156136504742,0.0
33.41762451149893,69.13007413928969,0.0
39.2869972804325,75.29488868905685,0.0
10.527969001797288,12.681930143272863,0.0
12.238538742597859,14.887996302521845,1.0
11.157530718736389,15.447235394097145,1.0
13.788073097174667,18.581932515688425,1.0
19.72105116203988,23.721596847691384,1.0
20.012889799847915,30.451068031827184,0.0
44.06691953270332,86.16908693581308,0.0
38.12958098429254,84.82140068560528,0.0
16.033502391496686,15.483805264521203,1.0
37.174893850352845,70.08369875542274,0.0
13.239696054278143,12.905830168170164,1.0
21.373319518281544,34.70570243252065,1.0
19.03481145259685,19.623898263623126,1.0
38.936173974817045,70.23461032128779,0.0
15.104796143015456,21.086158494028254,1.0
23.452954970710266,14.456278496584844,1.0
41.48782685828882,73.81475911400894,0.0
40.51657678843067,85.58895063946241,0.0
6.666166109893824,-3.512710303478432,1.0
21.761003042861688,11.258088078418448,1.0
25.051811795242124,36.108843293944155,1.0
24.239393357762708,12.447533549356923,1.0
41.717840110269805,93.1812126217616,0.0
38.74654211903072,80.70782635280347,0.0
41.61882099870466,83.03294971131146,0.0
19.301841246043185,14.92437087386374,1.0
45.305732208882375,92.04110219340537,0.0
41.81473988424567,85.7104035502382,0.0
8.531482994411496,15.564101640031385,1.0
45.18403561425279,95.71998431784651,0.0
18.475842612731967,23.544801173480327,1.0
43.51576286361022,88.95020948467891,1.0
37.090428643110975,77.54791815822661,0.0
11.641470641369338,11.999892432765272,1.0
8.753347529424966,10.423776075203142,1.0
39.3978357916818,64.13456794160653,0.0
40.24175735022123,84.97847985104728,1.0
38.82531283901281,72.0803319127821,0.0
9.06531300419088,8.294970886376323,1.0
39.88770898094702,76.52585521291782,0.0
5.602048915843154,15.42143714130639,1.0
41.06815725212918,85.85230903107326,0.0
11.489201308602809,13.053807594609985,0.0
39.61931051290732,82.03198874372859,0.0
39.73856030230878,79.78802920488874,0.0
15.314481359258398,9.763148476341172,1.0
38.75287368340373,70.9446012171324,0.0
2.4031356137054267,3.709191895293028,1.0
9.046963556430573,16.290694031542536,1.0
19.12854199514953,15.88725554626031,1.0
18.18127384595775,16.309499304031668,1.0
13.677299436611476,21.037477270113342,1.0
35.22917811154883,69.61092171949807,0.0
20.632528454170505,11.33029234237494,1.0
9.819954474375027,13.574041848144251,1.0
40.5878182266709,78.34663364917726,0.0
38.61488648566458,71.73909817708652,0.0
13.569796122071372,24.583090343402343,1.0
38.84025832660048,72.14039046651511,0.0
5.364803765428965,15.472661497644179,1.0
42.08486715001155,83.41729970779946,0.0
13.687215781729645,20.641260960949573,1.0
42.03744456056608,87.72476646045601,0.0
21.04283300243096,18.768517319864483,1.0
4.460571873176189,30.96646104481467,1.0
39.12162849050706,84.42379149377301,0.0
17.558995209102328,22.33723776784111,1.0
14.290460928736488,4.606801051511878,1.0
15.944487600233717,33.81148523429557,1.0
17.110028524119645,25.742468901589383,1.0
9.10409056393829,5.0926765763380715,1.0
37.25545016734124,73.5433811607222,0.0
43.641370516718936,89.78898115342774,0.0
41.27768690290009,89.93975385010472,0.0
36.68853274702129,70.16104494335849,0.0
25.559380164723525,23.832679106995137,1.0
40.14665302906741,83.54422530481243,0.0
7.402794297989375,18.603218504487206,1.0
37.42056791367313,78.77587502160523,0.0
39.94442154500337,103.99903435355549,0.0
17.42892086502201,22.933805856626012,0.0
17.288047170136384,29.897826374533413,1.0
39.16174149722842,79.1157333844176,0.0
16.511823042097763,19.138631717701635,1.0
16.145560985681474,13.382083731648091,1.0
37.18101200707673,71.45127959756903,0.0
30.772907354038367,43.970597554348544,1.0
18.187112483585405,14.198870198748036,1.0
38.465793564305926,70.78068551351552,0.0
16.190324295020986,1.6404692751692984,1.0
12.817493979222405,8.755170383538875,1.0
41.105671385209256,92.95955723976402,0.0
39.72838653645521,70.76385732430523,0.0
10.911908657914068,11.588002042099786,1.0
11.906882844620117,24.798324748133417,1.0
41.520884133460704,86.56658248515518,0.0
39.22599278763497,84.00620478760624,0.0
37.048351307712934,84.79438765286596,0.0
9.094771327008413,20.635900934921086,1.0
38.80765469249467,69.94486004662336,0.0
36.08653740988332,66.0607332188329,0.0
22.29919648916172,36.17548724444784,1.0
43.38611886435841,92.73204736179824,0.0
41.425487686479414,71.03389954525576,0.0
17.067928278341636,15.551669937578188,0.0
19.886918745421,16.07774180718788,1.0
35.74451842014624,72.46533782539164,0.0
13.205928412152343,17.6444401562664,1.0
41.478515347121885,78.82570236773175,0.0
40.36967848429761,84.78550704940086,0.0
9.938410917277134,12.952377836974652,1.0
39.7666887241715,82.18925833457016,0.0
27.28160668720401,32.530685584247976,1.0
36.64006085064347,69.60489395447962,0.0
36.13601169118289,75.94087807372775,0.0
39.2149266301557,91.14576122645164,0.0
8.123943530967313,32.503474645976986,1.0
21.00833752585754,33.53125098846765,1.0
39.48921183301147,83.84590853885845,0.0
18.068161086376865,23.196163243541235,1.0
18.725081880708426,25.129635378533415,1.0
14.049522626609196,27.200939687610077,1.0
43.07277564458343,86.28118274573275,0.0
22.874358583145003,29.22840470393192,1.0
41.45148731354007,77.16281531690832,0.0
40.71494973491506,74.91141470731392,1.0
19.519871106503167,19.78911798324151,1.0
40.620147192910096,79.88367380216803,0.0
40.23252547967381,74.7459555670035,0.0
25.1875266199647,28.07152012535847,1.0
29.08303715811175,28.774628974801637,1.0
18.229659620095173,25.45258557834285,1.0
21.462778823902074,36.66504419693123,0.0
14.179022744077356,20.009542007956167,1.0
38.48290258035903,87.58365243903796,0.0
37.78283903497607,83.46238776498234,0.0
40.67819510385244,74.57446793231412,0.0
40.542081490506064,88.66016644677698,0.0
21.962974142195634,31.278473199805426,1.0
36.94270490873902,77.87021160469902,0.0
40.26242761898777,80.48585530717216,0.0
17.077155451816708,15.528415560950613,1.0
19.75516674543745,33.86575175633068,1.0
38.81684904333294,77.94922350346357,0.0
6.812425248861622,8.043937460286623,1.0
38.55264800552197,64.55484456920992,0.0
37.137351306968625,78.87732623012548,0.0
25.26142119423296,31.214613088064986,1.0
40.08122316824454,90.1593058415501,0.0
6.993351552171337,13.722986161048432,1.0
39.4900088279112,88.5066852587065,0.0
38.3533181301737,79.07709368519235,0.0
42.18099808322609,69.25646245773277,0.0
40.03281508106955,87.91142081670127,0.0
15.994781122041896,25.27338525228984,1.0
14.20235503233486,18.08999762908807,1.0
39.80427862460172,98.24611422647551,0.0
18.4193810934819,27.72617035614531,1.0
8.728269839376342,14.948705526096528,1.0
15.825204799886105,20.238928085989222,1.0
42.036875598321295,90.66731578355764,0.0
38.41141583782269,78.03499623825543,0.0
21.57525485862876,8.755196946731088,1.0
19.900874275762543,24.00460797865512,1.0
40.05922702092825,69.37055714004146,0.0
38.39962117896364,87.04128116299097,0.0
40.86016281083402,92.99504536360176,0.0
36.79103813111988,72.3651685201283,0.0
10.695675142595183,22.523543656168822,1.0
39.80923659422069,74.35650188722451,0.0
39.97503509041639,70.5730366975362,0.0
42.04049743699721,77.96437925537022,0.0
40.24139512349293,83.43987451348498,0.0
41.8141962277056,86.23373937165476,0.0
39.71931866167744,87.69737349944867,0.0
40.653298817051535,84.08224798124239,0.0
39.078412148919604,88.66104486509195,0.0
38.77734981893826,72.01804984306831,0.0
10.605386033889456,35.59752771736904,1.0
10.819847608180464,19.438857536469648,1.0
23.536156214234516,31.23903803201963,1.0
21.421614768535164,20.35217079382804,1.0
38.17626776483581,68.88554645916828,0.0
18.868763322357548,27.02528698824044,1.0
40.390056338300035,81.2938075929273,0.0
12.198874110987113,16.627786819519542,1.0
42.357730029136675,79.88811744810137,0.0
15.103250017249408,37.343003587263595,1.0
42.54868387625003,81.42572023374514,0.0
41.124177266315286,65.62888215898246,0.0
38.52844309710433,77.44655178796786,0.0
14.375958070265623,17.94251128042569,1.0
10.26348614713773,16.328019869590143,1.0
36.88081597319118,73.20862551876567,0.0
39.04822710551472,77.03284508727407,0.0
21.746524128381278,24.522453337864285,1.0
15.101619291706667,19.3337397247949,1.0
40.81430995759105,90.62770843857689,0.0
14.519045399131441,27.072042508743635,1.0
14.962262091810429,17.138474984086457,1.0
40.959387092273886,95.0936198137191,0.0
16.33092970296685,17.248635935974953,1.0
18.331126190069906,28.5165733650476,1.0
12.737201278693558,10.790900850191909,1.0
38.22624296942727,82.93211464426032,0.0
13.391146838138477,17.340485802407514,1.0
42.65727976490345,73.55282394129763,0.0
13.47928302319658,18.62210104437122,1.0
14.879087804435233,24.737466472419992,1.0
40.11996356076547,73.18704975311312,0.0
36.77506715058831,66.39831607707094,0.0
41.06842927700344,77.03891819785997,0.0
9.78904182325461,16.96944939849217,1.0
38.50640538651568,79.30014200900995,0.0
37.447843715153624,77.132210488023,0.0
8.419433293163978,19.578071057712425,1.0
12.69607609901964,30.861652504989642,1.0
9.804340086067597,20.696748196365213,1.0
42.0603798280677,80.68052191648093,0.0
34.81507973154254,70.02621503001684,0.0
39.19743003995347,76.81051481073719,0.0
41.00024503976626,83.81794277139089,0.0
14.399508087659573,17.13257052783949,1.0
6.8166974166310865,30.08940523448024,1.0
17.83807030702379,21.68056713759318,1.0
39.35634176938235,80.82028816467029,0.0
36.96122391236776,68.98072408707188,0.0
40.49227974685003,84.90641661415339,0.0
11.77924254427841,17.31855987844288,1.0
15.883580676188988,25.466481605487303,1.0
39.510083628978144,55.68330330775834,0.0
42.20047441264908,86.29743243068333,0.0
40.10959157654568,75.0884744338592,0.0
6.553008434493419,4.295067973616549,1.0
2.0683972171987453,10.85649797107249,1.0
20.363837402709592,17.746001295742502,1.0
11.739888539887595,20.819628421584532,1.0
24.96418479780591,20.203455616301902,1.0
43.761459115667186,90.2973220582824,0.0
39.874423011797774,83.18589203951296,0.0
11.475863847541103,17.33608258837495,1.0
17.82448700495272,21.971822331452476,1.0
40.682760926056886,85.61073331851959,0.0
44.95859625503795,86.00752467535405,0.0
40.39515991232012,73.79786385576328,0.0
19.145988063822244,27.012345544536675,1.0
42.71992716674476,87.86955220500542,0.0
13.015244294803876,15.926392610287756,1.0
9.46975304284196,16.001388876308862,1.0
13.821533477748769,26.52329066459701,1.0
43.214444288942694,80.0986032256026,0.0
38.95469308311664,77.06031569120955,1.0
34.77460106459321,60.461378436500055,1.0
44.067524776100186,93.6701413391403,0.0
40.78211886538645,74.7627730889109,0.0
40.7672418270216,87.2492860763139,0.0
22.426661001085627,42.674589530914126,1.0
40.12568874832997,66.36769244593651,0.0
18.118824041185235,18.54447099420367,1.0
14.949693568768593,24.317675995662768,1.0
20.439119044621393,6.255762323478306,1.0
42.05058799455215,85.08719895595497,0.0
33.89634214454626,54.368180751150476,0.0
20.20427016887908,24.88097558485852,1.0
18.747276847464985,30.80399317411713,1.0
39.16877570790048,79.87840036950007,0.0
41.331857076138135,79.0189763044255,0.0
21.545997323337485,20.80727479797682,1.0
22.30002121352654,18.265663628509564,1.0
15.549166411020298,33.25196201945178,1.0
18.49934365757339,38.49670222708883,1.0
42.20569010221252,92.46252395092989,0.0
42.619581802380395,80.55113554844736,0.0
36.348192888094346,61.034547324134024,0.0
15.727995709044183,25.64157873947807,1.0
27.081802081144097,30.73970512536369,1.0
40.93978071600694,83.9294062179575,0.0
37.71067272289577,70.02402657708575,0.0
38.83263143420596,84.37636845039736,0.0
39.30646516743803,62.17909086824717,0.0
22.43057511846598,21.808069402285128,1.0
40.915366715263595,75.93929809585642,0.0
36.81526680007549,68.70302638563379,0.0
38.26340854279251,76.7360089758592,0.0
8.539675460496948,20.885227971739766,1.0
13.542836949031752,21.799361989653327,1.0
18.247850000470528,22.18127664116317,1.0
16.135266599459285,7.312760866989514,1.0
39.936632510836766,77.87743261985324,0.0
15.330741429880211,29.54194891699683,1.0
14.569974331769817,15.044758747911144,1.0
38.621800539121054,70.6761410863125,0.0
12.956626501067095,14.87544349689415,1.0
18.114398300538678,7.921961773558767,1.0
22.184746023197462,23.517379199914934,1.0
13.140096528331856,18.865843232859284,1.0
39.59423359321783,78.8961152359519,0.0
17.359997658218095,8.726963368382208,1.0
41.756431247560286,85.51355071014565,0.0
9.619620074784933,17.6560512421251,1.0
43.2054256561382,79.68613400173726,0.0
40.44662644615183,76.9588646558416,0.0
13.362696306347077,15.483347116905062,1.0
40.04466317884408,75.11260358829483,0.0
16.872991568367112,27.333393789598283,1.0
40.61455775419972,87.58011488102726,0.0
40.728623667828415,83.08052870375295,0.0
16.81466226666013,23.656342140013876,1.0
15.769117156383846,28.849957390108386,1.0
13.718829868838492,23.53731100753567,0.0
10.954737203221171,28.6833403840293,1.0
40.7421945421847,77.80800221530406,0.0
9.73961949691439,16.965942445114415,1.0
20.221118977812473,29.706505506783238,1.0
9.147996697356032,11.529145944096593,1.0
38.83773737256037,76.33370377199448,0.0
16.171760669228682,22.030535529623535,1.0
39.00889325848875,83.14834209444852,0.0
9.152135449529936,0.3327820069487153,1.0
41.95607339566014,86.46420301416207,0.0
12.873848867193846,9.365324936165452,1.0
44.65979836652119,86.83131876323668,0.0
16.970609375574142,16.828307499692663,1.0
39.56996685572978,77.36437435816237,0.0
23.884622054201337,22.54265578273714,0.0
37.2393140746715,72.11650523541216,0.0
41.135647388556464,83.32354252951444,0.0
10.668540931902495,1.732054702523751,1.0
4.52757212588123,13.953365051391156,1.0
40.56398138595339,89.74417747005346,0.0
12.589596323788552,26.284877345097478,1.0
21.731770385164637,22.844215980066096,1.0
5.950672589641432,-0.7296604170548342,1.0
15.266945684935232,18.33673426698476,1.0
39.309830766756996,78.44374903961109,0.0
38.60203718542127,71.48236488815657,0.0
17.938772565356615,13.416879661330384,1.0
39.15713909418882,85.90347344221864,0.0
36.32340448301042,77.12356565196588,0.0
41.86615433876265,96.06123441810618,0.0
38.79674901910093,81.64428449446629,0.0
43.16760066083139,87.38794804415761,0.0
43.94984654105498,91.64211504989319,0.0
7.812185545463611,13.219356876184486,1.0
39.78602483973661,80.88764556827371,0.0
39.761004127506126,68.3719957788673,0.0
20.25615708310544,29.38146361522637,1.0
40.363111679026716,81.94943010904046,0.0
6.7616586525406746,20.36863727253828,1.0
20.00690973249206,29.2676085170612,1.0
40.88423220795823,89.34757850063852,0.0
11.279055974475927,4.500992911480035,1.0
16.49012825723543,18.126282335414448,1.0
7.387190482930315,20.383815681387674,1.0
21.125238165655237,40.83517510515058,1.0
26.04249845291152,37.25570607643285,1.0
40.20452922168722,76.00320232545576,0.0
42.58549335391225,72.32454940968391,0.0
13.249973790635643,11.197040927468846,1.0
42.492956430638515,87.28566430477227,0.0
41.336785005524035,78.28679083819193,0.0
22.724389582592163,21.08592905826094,1.0
14.147434927006312,19.41756921937414,1.0
39.57316694538154,90.76367043086533,0.0
10.221601382341078,0.9517109753323183,1.0
38.16373301040799,74.06352495436145,0.0
36.09426018343716,69.93572948728294,0.0
20.664092110439725,32.430074756848605,1.0
15.231191592996447,8.089354713471282,1.0
38.99803857503826,81.26641298889379,0.0
18.70755255024432,14.46908862469897,1.0
21.73832599560218,25.942346891141106,1.0
37.76289054452182,80.9888123572803,0.0
13.042195334262338,16.606103620784825,1.0
42.250700930574865,75.417249903,0.0
12.083909182138395,12.980801137798133,0.0
10.486716114245866,24.101322430577426,1.0
42.30811191701289,86.26975189915714,0.0
18.46203085039567,32.669383111284034,1.0
17.011449478352606,32.65246359855344,1.0
39.984415615970626,83.40716312612042,0.0
35.83727409629139,60.97872753451658,0.0
38.119010517523776,70.69870560509793,0.0
16.825288744549805,9.945289276595304,1.0
6.107224182836925,7.581774326002678,1.0
15.950137450713138,12.972965223187959,1.0
40.672083030697756,91.61661823034134,0.0
16.80082946385851,23.356342269178967,0.0
40.17634843031554,82.8512866829605,0.0
23.51483483505148,12.291051923513663,1.0
36.38591336534567,69.64988513692752,0.0
45.08024349435552,86.11668280678919,0.0
7.466068269428329,18.668657528696862,1.0
11.777256498377277,20.139175826382107,0.0
38.659770792363396,74.63412169687786,0.0
9.920330272556473,16.95692745913504,1.0
4.300337823775271,23.433416360797942,1.0
14.84060460156202,7.518727342396522,1.0
39.976424655284205,77.39919256905547,0.0
40.7380953395968,78.98521902645282,0.0
11.453788771473869,7.922516883230301,1.0
9.500299680616354,11.640682386528582,1.0
36.14474396270746,75.5423864023456,0.0
41.37946284896175,72.3784725194829,0.0
6.1675330970216145,-2.2333843995816416,1.0
38.09538195224949,83.05207664197975,0.0
38.60333095417138,77.72993069492202,0.0
44.54726351941277,89.2852802689643,0.0
36.67666974400372,76.07312339420122,0.0
40.908790904076916,80.74987957609402,0.0
40.650454799799626,72.62484200480948,0.0
14.157209795274218,23.021009822731784,1.0
17.924259417718794,36.701785779647885,1.0
40.891613317326744,90.81181066232325,0.0
37.91163950587323,64.85196242489664,0.0
19.32011275461035,18.86456590752723,0.0
36.39185573079871,69.40663086517456,0.0
41.50765438358167,75.90232174416039,0.0
22.07741719577275,37.034705613136,1.0
37.79227632636866,71.49874198679386,0.0
11.454076955032287,17.637317099461246,1.0
17.742267061405634,29.480534935760033,1.0
9.270620800540602,6.186981053005965,1.0
19.097995268136064,18.86124179662574,1.0
6.719316722827605,10.82364823898065,1.0
40.998033393951815,80.97181830239634,0.0
13.588593348871639,28.017415636037153,1.0
6.833192831859444,7.986136893491279,1.0
20.11530365937269,29.669320735514155,1.0
38.30797761370839,78.59771721182003,0.0
45.22722644961062,88.85669995279129,0.0
15.441574516923797,12.950815027142486,1.0
13.177482153077264,24.729477208083186,1.0
17.800959261201523,26.80484659898843,0.0
42.16557159911391,87.06231407962888,0.0
15.014765950002978,18.372796873798475,1.0
41.81868449481032,73.06841219646498,0.0
36.750889937947534,80.05095318929752,0.0
12.611445262629863,7.23212142211684,1.0
15.606755408916241,9.725864971341421,1.0
36.10805576650193,71.86628049276548,0.0
6.999277403375281,3.9920009541758894,1.0
42.04599144286942,78.58164308885867,0.0
39.497152061211665,66.01664770312958,0.0
38.20888219437108,73.73199634936486,0.0
47.29191506220345,91.18121983562855,0.0
11.426948011780887,13.703944508446387,1.0
28.28217256348131,18.52401510736535,1.0
26.398786375618293,25.765821650181003,1.0
39.60313349411971,81.43652128866763,0.0
39.95808477206038,75.61945771155139,0.0
42.3238669079069,82.99963807841517,0.0
7.230711295119197,16.780895052948438,1.0
41.42887065972342,87.03360219258727,0.0
12.078529963632116,13.27665073593848,1.0
42.61604005565538,80.73186503594924,0.0
37.76210914490885,88.73468082430185,0.0
40.800443028599965,78.57192454727372,0.0
45.16568947691142,95.74819534223582,0.0
9.7531095578227,14.617343581732325,1.0
39.96724068850361,75.07164497423975,0.0
10.700630313757365,21.463163486808508,1.0
11.878966526009195,26.345982044297557,1.0
36.43137215232868,81.84401249249808,0.0
38.48155190937149,70.33589973602663,0.0
15.182008101754207,18.81014439121924,1.0
41.6651434101882,80.4126102541001,0.0
37.111116357178176,81.06586763319176,0.0
40.03673847308876,82.23691026023768,0.0
41.350127302698105,77.97843135938184,0.0
17.793877841945196,17.827427302944933,1.0
36.09754207309545,73.2399095587565,0.0
23.477737710578495,32.682080941187685,1.0
38.92221868357465,80.75137481719257,0.0
9.591709017008831,19.51968903012885,1.0
11.121547562221222,18.717072614243026,1.0
19.027595739560688,18.86480989052011,1.0
39.748804660475805,76.0753796691026,0.0
37.62594989355511,81.7011303296154,0.0
17.666214927967594,27.132676094315887,1.0
12.873384077809392,25.18125157167198,1.0
41.15206979274739,89.33726181611382,0.0
42.09281656824272,82.5708915236109,0.0
18.83598069063344,24.244204561616424,1.0
43.79761732872878,89.63371570674403,0.0
42.44405216276,83.84124135667027,0.0
40.40856736450123,85.61631906484935,0.0
38.377594108244715,69.13794247435284,0.0
44.75997903607063,86.13556797338232,0.0
14.001154955685132,13.20944828516901,1.0
5.21816906377417,8.371127644446835,1.0
40.567802905634345,70.52641970546817,0.0
21.16719823907504,23.03104824063007,1.0
43.096459072079405,81.98691970900165,0.0
40.24123442165105,83.7768693273366,0.0
14.102483286446102,30.744336130088044,1.0
27.754579249045566,26.312704763636216,1.0
5.519054421139719,22.091659035373645,1.0
9.288254095734027,8.420013857313368,1.0
26.391257063200893,29.384611538715337,1.0
7.76974469130229,1.2891354638607915,1.0
41.54229065840239,84.72368623970652,0.0
12.143597529827668,15.714247122977357,1.0
19.089706432235847,10.788615092209275,1.0
40.959495358126716,98.63177487281179,0.0
41.155770597885116,85.76657722052977,0.0
18.37495661392539,14.289679058271858,1.0
36.892706702736476,79.02665134653427,0.0
14.938642656224705,16.970471975233703,1.0
12.57904371774107,18.075830595078216,1.0
24.48574334820534,24.27226112611931,1.0
16.379757699783244,40.270808423363526,1.0
14.89522506617678,21.828493761860894,1.0
39.41626760958156,81.47096782510098,0.0
37.63296221491851,73.40810819517915,0.0
14.701904945742928,28.407126975747875,1.0
44.214044691657875,88.15409007821975,0.0
16.712287175987314,26.79297198452194,1.0
37.357246134162395,66.1371192436293,1.0
37.88323408389087,70.27827806110218,0.0
41.04329391894933,73.52165331584885,0.0
40.62235039881405,89.68549746459097,0.0
36.10565468950218,69.53601180104657,0.0
39.34524758082447,74.12573276329785,0.0
39.758790996925995,81.62766410536479,0.0
40.86832796024362,83.97971642952452,0.0
11.18250591695909,36.238740053832345,1.0
37.88665303694431,70.81000891510587,0.0
35.26748711844676,63.01863759364355,0.0
37.75565244742116,69.4384402739342,0.0
42.145511198887036,92.58884826871656,0.0
21.542580625650082,29.93320530903209,1.0
39.645417930911165,87.63870274314976,0.0
44.91800789375337,100.68301286151787,0.0
17.61669712382093,23.053950940492214,1.0
11.35590146734258,-6.2112050548012725,1.0
42.42944834060508,86.25106867817625,0.0
37.42095846593651,84.37018998856453,0.0
38.645675330097006,73.34294503930226,0.0
44.155503561767574,90.71115089188915,0.0
41.519177851486475,93.779603467493,0.0
5.876683282791332,13.281675551745412,1.0
36.541286082075665,70.23754629072262,0.0
19.398611604470243,32.794551299026715,1.0
14.329950480186119,9.02633172417781,1.0
45.10273086007026,83.60869604876747,0.0
23.534062618441297,40.37787137010207,1.0
10.694773235117147,25.642348186505238,1.0
38.08387014254818,83.0831097222978,0.0
20.483164358740495,23.359447011568918,1.0
40.13770407748146,76.92178171706348,0.0
18.31613036404673,19.78783513185984,1.0
41.61644535468654,76.77577228701861,0.0
39.36845439335517,75.71933522091462,0.0
23.632397808381562,17.630810664508935,1.0
12.016472758077338,18.665923028514374,1.0
18.55099839133036,21.62414620692134,1.0
38.6047901710381,73.30861307973463,0.0
11.292087417639872,12.545649391620078,1.0
15.93142431715109,14.720337820025623,1.0
39.40842730243487,94.14106263882422,0.0
18.540501796840573,33.366045913332435,1.0
14.88578329706206,34.485403109147015,1.0
41.03795902898599,78.5697087094987,0.0
44.899263252452236,89.19363231872723,0.0
16.286610210920266,9.982924325555183,1.0
27.76788823298015,37.55360001662309,1.0
31.333632045518716,39.270862284188965,1.0
43.225114601854536,67.07974217113451,0.0
16.682434016847168,20.430715198583872,1.0
42.962408701663,83.62915269984076,1.0
37.58354362517974,74.18177636355595,0.0
10.894291651977223,18.718410649824637,1.0
37.76411578226045,86.59676604389944,0.0
14.40615060977861,20.865884283817604,1.0
41.313146859720426,84.85713274125683,0.0
16.28891085295872,13.433015331930179,1.0
8.12372916020012,16.801802074018,1.0
11.903735390548828,9.425708046110595,1.0
40.511790328611994,66.17327156869386,0.0
43.35249440488709,91.43597241076681,0.0
42.75945218506115,82.4514832198649,0.0
24.26599702158886,31.87025142823422,1.0
38.82580437055596,74.31248910495611,0.0
37.003480293236244,73.54003635786465,0.0
23.58303334810944,20.490629639079007,1.0
17.182839368238078,10.697672816386966,1.0
42.52463836455381,90.91598029626402,0.0
9.062907708764794,11.568918699227249,1.0
14.2368336040784,24.055664750504608,1.0
39.29722539772604,76.16757882282505,0.0
42.068872915249564,95.24848740386807,0.0
14.985748992655479,16.352740111112993,1.0
40.70838473530264,90.66992759223477,0.0
16.640340306729716,19.12237392954861,1.0
36.374931898516664,71.89921934776388,0.0
44.29249653110517,93.53766130537706,0.0
37.954297481298624,68.89396316088175,0.0
21.920514528862586,10.647665305029689,1.0
38.56167758267598,74.82849481548577,0.0
41.62982408262276,84.5760497718413,0.0
4.945539126084686,12.943609672265206,1.0
42.123623659188695,97.78352661839045,0.0
40.3029720006767,84.56872928487094,0.0
12.514215380040275,6.478572312333608,1.0
16.296038617832384,10.852723972349363,1.0
15.766805399902795,9.186277213746285,1.0
35.98568408999962,72.28711000297626,0.0
15.138096578005571,14.692298256186405,1.0
39.87800714284701,87.23378316027932,0.0
38.754807261929884,66.92335208532313,0.0
35.15524263737188,71.34773325070648,0.0
40.82652760265958,70.61299102285471,0.0
12.572984645986221,2.971546275765089,1.0
40.26656436482198,76.31949864594192,0.0
14.0764340465227,20.789099402581204,1.0
8.817320106337856,14.066809856381859,1.0
13.663610593719307,14.449278606576396,1.0
42.151692345103484,81.69473597488108,0.0
39.07633163383215,85.84204717376998,0.0
35.10556947061858,79.6497038654253,1.0
9.606680881163308,15.63312206176991,1.0
11.83716354111207,26.038555290460867,1.0
12.897181865730857,18.297404726415632,1.0
38.67704436331794,80.76979668544577,0.0
4.889015835570028,15.23414103691769,1.0
23.381362553825618,27.889495885578626,1.0
37.43669247093351,81.06529314032983,0.0
3.560248486004708,-0.267522733719165,1.0
12.16871023426893,13.069478852970152,1.0
12.20454221697248,33.66633793438287,1.0
3.126604601965729,17.997254779498583,1.0
41.49289572712945,90.48553961901344,0.0
37.732648825688806,79.81971782440816,0.0
2.899296188995697,9.45684059602327,1.0
40.3499874325712,81.38648145575132,0.0
36.394735162540286,78.97492133240453,0.0
37.40955539746872,69.94288849715731,0.0
8.447790890344049,4.806864519845124,1.0
20.191913458899712,24.201715764327076,1.0
9.877307392429687,3.285892449524219,1.0
41.03840719517315,81.29034584987613,0.0
17.637703856980803,24.16338741046917,1.0
22.639022626894388,14.647913029361534,1.0
1.3094339290696286,9.854851372901308,1.0
5.164318648300572,11.006359152623824,1.0
11.193611061907593,23.67235616774079,1.0
38.833423511808306,89.51120467216279,0.0
34.94063543623688,65.37303801061712,0.0
35.35688216393659,80.4566169864243,0.0
12.58656173971302,-0.09119947669963224,1.0
15.284401091654505,15.610119081479517,1.0
39.330951080536,85.33804084799188,0.0
42.10519991605695,80.30722262852157,0.0
11.867913441683559,27.577416765859322,1.0
38.5771360725665,80.27937943015061,0.0
37.19732811976391,78.16582984095723,0.0
38.63345193082085,75.94501374436432,0.0
37.20498121759592,68.6397799659611,0.0
41.26673693139453,81.3284918206722,0.0
38.962751338733355,72.14970424690087,0.0
15.281301838745637,30.05155153802075,1.0
14.644633501584869,28.2595616147928,1.0
40.93404222081907,71.4947246553203,0.0
17.640818158432698,40.61938250771106,1.0
40.46641516444034,86.59740093487642,0.0
40.58326068134137,71.92284472707192,0.0
35.92773894350188,71.47778772422997,0.0
41.759710551929835,73.48407449250662,0.0
15.105483836378273,27.950174786200254,1.0
16.395777665171508,23.730925622220987,1.0
26.908814049209372,26.76476141634758,1.0
35.52030996514338,72.94072113865023,0.0
13.373320944320614,3.362403173285184,1.0
17.5366461882491,30.7810338682911,1.0
39.729321071398246,88.10016883136402,0.0
43.032204779806285,79.59517405334987,1.0
6.321859066298465,13.431624630443356,1.0
14.531430556842306,16.168417458516146,1.0
17.71517487203484,27.625657793285058,1.0
16.8571165864323,9.764831320241909,1.0
40.85401161273882,85.05200100642269,0.0
16.254610257985632,31.875414520634724,1.0
12.473732068047509,11.924735132127772,0.0
41.561798243043555,73.2364266696253,1.0
12.369169069394808,9.91159482951388,1.0
10.850074949353887,17.42662947295948,1.0
38.13416274910474,78.10932299638277,0.0
28.64542106240871,22.824544734813692,1.0
12.690524802526241,42.800282034283136,1.0
38.32947463726281,99.50210902598045,0.0
41.69855229752515,82.11558061752658,0.0
42.00681661599558,84.84364451111449,0.0
10.948548479922827,14.69813345597446,1.0
15.06676037658453,10.608043042095808,1.0
39.57659770935221,70.26676272987999,0.0
18.062046066908657,21.562183837671316,1.0
40.27412462305366,80.55642515863437,0.0
38.64302253612161,78.4005987220281,0.0
38.88089303746964,81.47095604747597,0.0
10.58498663018651,19.694129950047756,1.0
16.706198114178875,32.230329947787055,1.0
40.41542575310714,73.60946038235059,0.0
39.26881337895848,72.76062582195452,0.0
38.44756059296806,82.11438488750002,0.0
9.936544944511429,11.145992189707124,1.0
10.586640046402202,17.007347599339024,1.0
39.37780587849018,71.99651035488391,0.0
38.67122913314876,81.89501302563619,0.0
11.778993583788875,14.95365049380256,1.0
12.312822355343874,12.974581582783255,1.0
3.492902429642683,13.255616602549505,1.0
15.002866785294684,22.945022321469967,1.0
42.24276346460907,88.38727755569212,0.0
36.224284426418976,70.93692535140859,0.0
40.649895994901705,82.95878410795237,0.0
22.934248543604355,28.2813689543448,0.0
39.00427864538305,72.81457234835791,0.0
42.03217001726492,79.33007805451656,0.0
40.53754126973778,81.76207080397101,0.0
18.82331006384917,18.09813081879071,1.0
10.758090725006099,16.289737513118133,1.0
9.685086311889258,9.412173264772967,1.0
28.39701897671757,50.94176253520757,1.0
39.538036235767294,76.130769902129,0.0
42.247860563704826,90.79217596988428,0.0
17.476543495258312,21.700070798973638,1.0
37.69807298766493,70.00335854452555,0.0
8.123948872866745,24.53320197048593,1.0
39.05178553613712,83.18260984575494,0.0
41.192084585569965,90.30050296515586,0.0
39.93582644678451,89.4828291389407,0.0
14.605313690167272,12.284476487445254,1.0
46.9196497838868,87.14694295366014,0.0
16.30697682251475,21.506130293763157,1.0
41.288803069956,82.22347032892907,0.0
14.619914623963007,22.511544896102848,1.0
8.765246354544011,9.757270135312117,1.0
15.663879400961468,16.144304577248455,1.0
40.97946302597721,93.65240814701546,0.0
39.97626984481835,64.27111508289215,0.0
41.89896659103845,79.56920563300444,0.0
5.523359318720194,18.510532445549227,1.0
39.03102833429452,63.358333886338855,0.0
42.92164812254174,88.85320663791211,0.0
7.828337058590964,13.723458542268412,1.0
39.30865300575401,73.26604435987858,0.0
12.330835537616007,16.428287309279675,1.0
27.355562185903405,34.30047589375785,1.0
37.13159520665376,73.21143152134697,0.0
40.417118624279865,90.83595089519653,0.0
18.95517295621667,22.96024426709905,1.0
41.43109981466477,90.09728805357578,0.0
16.388185178391367,33.89048008503268,1.0
33.8361107804688,67.14470525895602,0.0
25.680668085489028,36.37675855139679,1.0
24.115775230422507,23.320545530306095,1.0
39.366181911670466,78.61831276754141,0.0
10.403868472714212,14.080155504623965,1.0
40.88204270292298,75.16061593711841,0.0
14.286103224102046,18.107960382448137,0.0
18.603887524920296,17.261366175646984,1.0
13.69811112678818,6.4763108860895,1.0
36.900259403926874,77.64273916588519,0.0
39.5635285025283,74.47165025223765,0.0
14.608727375286307,29.72307666914489,1.0
13.317399650887301,9.250598860485209,1.0
17.94230819702222,17.82016890115374,1.0
41.38215342414148,81.99567788768823,0.0
7.20556233605172,6.988035912859113,1.0
37.1756329001982,67.83805181612998,0.0
16.924741061489325,30.291480947343366,1.0
1.046904584202828,23.86160325963161,1.0
42.9373354011516,94.36343401594819,0.0
12.40862741720976,24.99303883853998,1.0
40.59707560220598,84.95657949694218,0.0
38.956927944649834,91.88244617671752,0.0
23.914346051552492,29.61882357206955,1.0
41.808750838609605,91.74481556608515,0.0
16.40197246723019,0.03882583133366779,1.0
41.544655502550775,78.88640763515059,0.0
11.096544605163139,24.264279278254556,1.0
37.04049898899621,81.82811802560204,0.0
40.37730585803649,83.1101940134299,0.0
14.235606288645505,22.669785296784752,1.0
38.160609144052806,70.28209344684905,0.0
12.878659249219988,6.79117973425809,1.0
9.678786376124814,18.724642461710296,1.0
23.648286505978156,24.00307447981712,1.0
43.039254463482095,101.67424629841686,0.0
15.802841837357262,24.225845047855028,1.0
16.202341503130665,26.756240994147568,1.0
42.26579528084158,82.98148590023521,0.0
43.420480488769066,94.25563440059811,0.0
38.34070410191502,85.81021622744704,0.0
12.416464001510766,-2.3021900632548906,1.0
42.617230223374406,99.03752075520256,0.0
46.23833534759458,92.82790573744556,0.0
35.74346700664893,72.3280506776234,0.0
45.81568170543375,93.53956679135368,0.0
21.475017234298512,7.291286859497925,1.0
37.59882146364766,68.10173671152208,0.0
40.21689493228118,79.31570197672507,0.0
41.296890451525265,89.38040375586382,0.0
13.83385032316851,20.29539700592736,1.0
20.597996671340262,29.586454721322553,1.0
15.850921381544092,9.004074557568716,1.0
14.120709800928402,24.50741535668226,1.0
20.953526136779963,22.12213802403763,1.0
36.732876325806515,66.35303822533706,0.0
41.65707585767664,87.51139317404781,0.0
42.17218689889481,84.99145316225726,0.0
14.258009574204701,27.11492234501067,1.0
37.01484787452393,84.47838496389964,0.0
37.93845683578367,80.53672740824825,0.0
8.461289867121948,28.146448881651647,1.0
41.468970446896556,100.37379631258125,0.0
38.48175284483606,74.31037618412626,0.0
44.630637794644564,87.8928969075779,0.0
39.02598756298433,87.95357035970622,0.0
41.20857685799747,72.20507840249961,0.0
40.969542011304576,78.94723036698873,0.0
44.28830247018761,89.17156192963257,0.0
12.224988541907562,16.552684526300375,1.0
15.94701137469325,15.111160883539489,1.0
42.34614828258205,83.58337356725782,0.0
37.21300045223257,82.72811800017352,0.0
39.65034996403034,82.11133245752072,0.0
15.810505544339566,8.402454339887392,1.0
1.927964835088849,-4.645592550242242,1.0
42.75796623282187,82.44461060086626,0.0
39.21299230345264,79.28312413394515,0.0
39.694139130666656,75.88157590968935,0.0
37.95636048894244,68.44796963959826,0.0
40.46635937048938,86.36753510475742,0.0
37.220819755110874,64.49978839742943,0.0
39.69548241986139,83.96103194375728,0.0
13.970368680499929,22.707659339283445,1.0
11.846888462874418,25.11461456422348,1.0
15.011808517985727,25.835799289597816,1.0
2.4100222057541814,14.510204741828602,1.0
38.43848635226932,80.99518141663337,0.0
41.50753103302574,77.6133743247901,0.0
38.06001588696298,75.81409267556683,0.0
5.500362575075542,15.175790253486262,1.0
43.29109501121925,84.57595797118428,0.0
41.1175497187148,76.06294020029796,0.0
45.08075764044242,87.62070817062332,0.0
14.5570751144351,19.17984714898424,1.0
42.32628972592437,87.84136206394938,0.0
39.12777742604838,83.45721306613132,0.0
9.228981497760541,21.490193730277948,1.0
24.31086267092639,16.682397242798324,1.0
19.075383175031565,22.2154788535439,1.0
39.901231642080354,84.09976071890902,0.0
17.433036930454154,17.028520014798136,1.0
39.55528826145051,76.66686654186573,0.0
42.7971186462258,84.18748087233315,0.0
37.13564240892502,61.52524901156921,0.0
9.551743632107538,22.69272444930255,1.0
41.55997413829269,93.40975448781155,0.0
14.014554702334989,21.679479421372108,1.0
7.822942978151126,18.322612540061407,1.0
40.31807769332896,70.56886866275521,0.0
40.61365086772116,84.65465465713947,0.0
39.84487685462613,91.00481077149716,0.0
12.01540631649279,18.1992560751955,1.0
39.89262740268968,88.48557388046517,0.0
35.951223776512,65.4336321270921,0.0
11.723682991198672,17.307552181319192,1.0
13.758020698540602,21.58712327165242,1.0
18.98644797145426,18.575894596395763,1.0
17.851654552523748,19.917954102653294,1.0
14.228260426300993,17.376421140118286,1.0
13.013600957902762,18.63543919507908,1.0
18.56584407552274,29.85253255914931,1.0
14.937683228501793,27.76611391791696,1.0
38.019308047338214,82.11676867443657,0.0
10.274757494925549,20.428497863782127,1.0
7.821056511840938,13.852045370817274,1.0
42.94221374933447,84.0677667034118,0.0
40.239021345858205,84.72070269073396,0.0
4.819243989858833,17.208219300687812,1.0
18.67346231229906,32.03874970615572,1.0
14.817007032957221,21.776102003248443,1.0
15.099470077229201,26.897597902513294,1.0
41.54338546444433,93.48492324627874,0.0
41.85648260515534,73.65198326140961,0.0
40.051137358301304,87.83864184509618,0.0
12.454146731047576,9.092730107816184,1.0
40.13956813345127,83.4877585822844,0.0
21.077231913859404,30.708483326337358,1.0
10.796931227280695,15.286949715455238,1.0
37.68196552229339,66.94087887586525,0.0
41.894762845746,86.88447972670741,0.0
39.19745406771768,81.49760082263185,0.0
40.71690023334799,83.63364863197201,0.0
13.579551285748808,22.575230894264426,1.0
19.960509115647614,21.228289144685046,1.0
7.008453178300136,-1.5337601621375292,1.0
40.788717570760774,69.77879336291726,0.0
42.26533597464228,67.97942584625052,0.0
42.280495272059255,96.41189013175179,0.0
21.452157413020988,24.812606450878747,1.0
40.03402242578076,77.61581780130668,0.0
14.673762342228144,29.045122702099825,1.0
41.82867041145627,87.87541278614454,0.0
10.333034161441901,23.309446400370707,1.0
9.83205540955837,18.40128150894964,1.0
39.43563551519752,83.18535557466006,0.0
38.80645059738667,68.33159236827478,0.0
16.731985537269615,3.9523277755042763,1.0
34.444417380838225,65.89077890015795,0.0
21.543755150247645,27.224336903530865,1.0
39.377990985363674,75.3107528558284,0.0
23.68624374207046,25.608696413123123,1.0
13.440261474133727,24.8854995966757,1.0
39.392170498588946,93.11814921901235,0.0
39.71779813666036,71.38960147384289,0.0
38.15269715335603,88.31811044831397,0.0
17.357941805654725,12.236575388451412,1.0
17.178705517780184,29.785979663003467,1.0
10.784480019423343,23.34328980097641,1.0
15.723854211858708,27.50696874920627,1.0
4.690558859304144,13.680285176699098,1.0
39.347289328824466,68.1443272337173,0.0
13.882290254377121,16.141783122256392,1.0
36.74942542777698,72.0214430152982,0.0
43.38221177675159,89.23484895577913,1.0
37.028435890961816,78.8489084242148,0.0
10.747075630803366,29.107306659823006,1.0
16.915309751015013,29.750196333433266,1.0
13.510403681355633,34.15716277267313,1.0
29.228733302849143,24.034495673132437,1.0
36.964054480560485,72.49489659761197,0.0
15.881725142236961,23.371696180207643,1.0
5.825217236154852,13.730579294914826,1.0
43.42499544793598,96.13826540135382,0.0
13.805224692008931,26.531377581400136,1.0
10.097885919828073,17.940013128283056,1.0
18.047558449257536,20.064623642158793,1.0
8.788743700723483,26.856303104801277,1.0
12.0331892874575,15.570693809178724,0.0
16.39120215536066,18.65806659246711,1.0
36.58530823241351,75.48205902510433,0.0
44.74179196256769,88.61432147539213,0.0
38.05300738050084,74.88499978184214,0.0
15.242584133666927,30.234668141483432,1.0
39.696795203712384,70.95698392111505,0.0
37.59516541816359,79.57256490770008,0.0
42.27161480538687,71.31414005447687,0.0
12.720158710902687,16.531146139064035,1.0
9.015763103028291,24.973408008779288,1.0
38.17070567176546,66.56548834875089,0.0
35.766877604184145,68.05013142529509,1.0
39.87204247168263,74.6492751377011,0.0
43.24345612428593,93.93410600527383,0.0
42.60453301947816,86.7960325307648,0.0
16.90278622568696,0.43906402163294445,1.0
15.438604000717712,12.290892056078935,1.0
39.894898297815026,86.13641511879183,0.0
20.409462552960843,15.981250499252635,1.0
44.397833987911156,90.6510651901652,0.0
45.194967987806535,82.81068062706593,0.0
15.294919634589851,15.100700028677416,1.0
39.74267471512638,88.25010639677703,0.0
39.38000538594668,74.75667953239756,0.0
42.37150403220441,82.16456427747359,0.0
8.030075378631844,15.08859416984376,1.0
37.96402881542419,69.79999903190824,0.0
39.950436727420254,89.90392654163756,0.0
11.16564253808028,19.422880899988353,1.0
38.61236538211165,80.69376878720388,0.0
42.19149133664701,79.03745519955746,0.0
18.087623107906936,9.30967881062248,1.0
11.353967747404303,26.426840238756725,1.0
11.969065577338384,22.539647805177392,1.0
18.53387794302119,18.521855488815802,1.0
41.63955019083747,78.94056250272861,0.0
16.117621379700626,15.968614949216967,1.0
19.35448128636733,12.014400725053349,1.0
39.80684215997195,70.58764149711706,0.0
43.09811128257812,77.44675519742638,0.0
8.699917235153043,10.511362188241167,1.0
38.36294475805853,71.34664299667956,0.0
10.058622729385661,13.604401554768154,1.0
39.2842973615992,71.56398648867244,0.0
16.542441674889453,22.21810550779508,1.0
44.118855049670906,82.86027410729912,0.0
39.20840196741726,83.8055337875652,0.0
15.101405133917165,24.398237307474766,1.0
15.820745939768024,25.144804085741892,1.0
20.280524846444884,26.380661443273073,1.0
45.52466116669109,89.20442811121899,0.0
6.722837614118738,22.664203440820796,1.0
29.546380141765646,29.847600913534535,1.0
41.27225581678726,74.18602962962106,0.0
35.2869285396565,68.65691032359683,0.0
43.25377592378719,91.72349925967055,0.0
20.19795371083364,14.229684638198968,1.0
7.04521737260992,23.876669775621423,1.0
38.44808499007851,71.88501587541751,0.0
16.102052575402745,24.33759286976364,1.0
43.723430193877824,90.7425301136955,0.0
42.417786374635696,73.93954334232907,0.0
18.098728027593282,19.080597665781927,1.0
12.971697698511505,29.79512916061815,1.0
18.510409675599455,25.092215361261196,1.0
39.059301523737844,77.63050060952521,0.0
36.52646823664756,65.21243580294512,0.0
23.689993838108332,17.34242763940277,1.0
14.935214091199228,25.560278102359298,1.0
42.036032119440655,98.18616189368547,0.0
37.084001857629836,74.54056021236727,0.0
15.047813294435374,27.975826125827098,1.0
24.999027831382815,18.769078015157877,1.0
13.900247691722008,13.586844604571624,1.0
39.90850967600116,89.06360696093448,0.0
39.52888528370241,73.7368937845053,0.0
38.33287877905591,71.90233082159922,0.0
22.103005436173262,25.91279690338192,1.0
15.076636323668389,14.503327928505776,1.0
5.719205799564298,0.8751511356024224,1.0
36.46288488389808,80.51368586858683,0.0
18.624622030911148,9.470795798891954,1.0
39.01951985874274,81.80726796613801,0.0
41.40773203476942,75.41028303281979,0.0
43.59434006325603,84.62206505927061,0.0
38.28988551937353,65.76241194619487,0.0
37.006903184638844,76.17562503782527,0.0
40.02452225429474,79.4108854784865,0.0
39.34747309699279,78.90609073868582,0.0
40.23310238978134,86.24257821036042,0.0
39.66491805050899,84.64175606989429,0.0
41.75656585141274,77.64412376739497,0.0
22.395675275384505,14.703858868479367,1.0
43.57261525807019,91.01483738933052,0.0
19.08270172579358,22.28205256552709,1.0
36.942845267660154,78.54897209969921,0.0
37.28858762153907,79.14208231736448,0.0
39.989158714695094,81.47564896606681,0.0
14.30156620446339,19.35590961888754,1.0
8.660323218686582,18.253589520751866,1.0
16.762448444174247,36.56135754505927,1.0
10.573212093616217,44.5787493525641,1.0
10.99161086752797,25.883722938363515,1.0
10.692238463975208,20.414219639248522,1.0
14.44286722960733,16.41380006962102,1.0
44.30360592702565,80.98319251053307,0.0
20.489491380350145,23.279087019478993,1.0
12.879241912062534,28.04429768119026,1.0
39.8160556727113,83.10947898876728,0.0
10.847556449055602,24.064010939284795,1.0
37.44417644571629,71.84179329392822,0.0
17.141514984009767,21.220633567995797,1.0
12.987052631845643,28.739209708401113,1.0
12.621686715551782,11.420195292968787,1.0
23.82626908651382,38.83051901811375,1.0
12.540290170802706,28.877032046554866,1.0
14.019426702145193,20.478875035558804,1.0
11.300591164729441,1.421954616900127,1.0
21.061893695284645,32.597817053079254,1.0
8.681741222969372,15.165810219265435,1.0
40.59393217956272,86.32415277684908,0.0
40.23633160281648,80.44990734904033,0.0
10.489325844477348,22.02586388308149,1.0
38.00619446587981,82.85857512518436,0.0
15.543789594363936,17.322567188275222,1.0
11.39799903065853,9.363934385586555,1.0
13.138605773810882,8.532774084697417,1.0
41.18078736411099,83.28971525925135,0.0
16.994899761979532,11.626943289334996,1.0
3.3582321260732773,35.67043829391539,1.0
9.908682412792793,17.234855510116386,1.0
37.38835854457276,66.3616062642098,0.0
39.87957077777063,72.50781771213134,0.0
9.767876628593854,14.531319571777157,1.0
8.870442451020232,11.131642299326856,1.0
13.213673059308416,23.311764412670243,1.0
39.85773677315259,75.93513914733553,0.0
36.622721309109885,82.14995692699364,0.0
38.01223507654309,85.7162545758369,0.0
38.52692539192689,76.01051311088047,0.0
41.05475487445393,90.67133685162871,0.0
41.75750761705108,90.47227184109033,0.0
37.94132433119225,73.76722739678229,0.0
40.56165531487529,77.59485136268118,0.0
18.70786483688708,15.633124270780147,1.0
39.13626567434843,83.60431434024372,0.0
14.22242138363045,9.030710399290681,1.0
12.69475232484734,20.33065220909262,1.0
39.13513753661137,79.76791116524905,0.0
39.47545548417278,73.40837814196358,0.0
4.506839637406387,10.895742849684773,1.0
44.872991751467886,98.00254682129813,0.0
39.291592365461135,71.36986057715987,0.0
6.197762839623291,25.565618358247793,1.0
0.5529907313351838,2.380980037572101,1.0
21.948120821019074,31.71888559993222,0.0
16.153938746956516,11.956836948844929,1.0
15.070697757972802,23.138555741926425,1.0
6.4206955616631625,-0.8967457887243633,1.0
1.0004989559467088,7.246094546015289,1.0
40.880179371407735,81.17575013343664,0.0
7.233824397824546,19.236699920494978,1.0
8.95639704618241,15.26992246700987,1.0
39.67469175453562,82.39671642535043,0.0
11.335545643982552,5.0537558794949415,1.0
40.231390409453475,86.5609322597112,0.0
6.3083127732283515,14.335012714383431,1.0
42.476239497049555,82.58820305965992,0.0
16.49153908082434,6.979182626452733,1.0
10.802431476296396,13.954221287436729,1.0
37.76544143304714,63.94151949222497,0.0
13.612164613502491,19.613157504155247,1.0
12.384697824543789,18.20138370291852,1.0
12.313526747600166,5.382945727210393,1.0
37.267428564952,71.83476361791526,0.0
38.92490646971265,72.68159924824165,0.0
40.86971471477522,96.17116479363422,0.0
45.439127568770196,84.0536006052086,0.0
22.46588559934932,32.094009358891775,1.0
5.147869347320222,17.41374868977492,1.0
17.99945216216073,13.190432422224706,1.0
37.79572728314917,76.84460855141744,0.0
38.470892183555605,79.90476336653923,0.0
39.229906878866444,75.49789769369215,0.0
13.816659184030097,21.04396355559278,1.0
8.112537897992793,25.053574583555807,1.0
14.601566471413477,26.741816251437257,1.0
31.545161042434426,26.753777482977746,1.0
41.69418655029149,86.07138037847297,0.0
39.364368472056604,65.02837467886715,0.0
40.289406656896254,75.10766933960821,0.0
7.699604875634592,15.405325808529664,1.0
39.34670817151681,74.1289628251115,0.0
16.734737499410507,23.04610096314082,1.0
17.88372219796887,16.07190632933562,1.0
38.494211916321554,79.20968455285079,0.0
40.521116935949756,80.18880547692666,1.0
44.552518641709,94.89691667032734,0.0
42.7204526897936,97.18452866852118,0.0
22.467044278269743,33.590687358299036,1.0
12.642744595780684,18.14105006695641,1.0
37.8593941495718,83.97060561359397,0.0
44.637528758313145,92.40488244504769,0.0
10.211427787917772,19.79255167503807,1.0
35.49989683495407,64.84376731132659,0.0
23.03332303329889,23.067393676844215,1.0
15.80084523390868,29.504171163378302,1.0
16.92925213205708,23.57555612610245,1.0
37.199970125583675,68.70585787979024,0.0
12.837600574126341,13.038487215827946,1.0
14.595558880169467,7.180274448719258,1.0
15.273530434634358,18.748495804715816,1.0
11.642796483231606,13.377039070503354,1.0
42.70547047106632,77.17413334166997,0.0
3.122479411477217,8.329402697727382,1.0
5.920102110859979,12.712314177936642,1.0
15.175717590402627,25.351268660483772,1.0
36.617074294965356,63.09316070801175,0.0
40.43742145576225,65.74183946370435,0.0
44.30246961268204,93.76354169235302,0.0
40.15979391852494,76.86380061477736,0.0
13.09223908628275,12.17179927474734,1.0
18.652595362416506,17.46050603713565,1.0
5.558713445342926,22.364460052078446,1.0
41.987681873745395,83.78694062610766,0.0
42.537896788961916,81.34196591134314,0.0
40.353636064170786,79.69596995602403,1.0
34.206019754029555,74.82505535221351,0.0
38.17861750185063,67.54834441812525,0.0
38.76409877730307,76.24014062091153,0.0
9.41730660817709,24.981091910609077,1.0
37.16437766288894,69.86468329774682,0.0
23.465999882316265,19.365554412509344,1.0
24.83768823702046,26.342144474170897,1.0
8.135082305772322,19.15179224571986,1.0
39.95359564259764,73.34002693847755,0.0
9.084011100987468,20.837573666992736,1.0
40.51111951450677,86.43393588491377,0.0
15.931471650595558,25.415034556506868,1.0
5.5435779872662945,17.82668881618848,1.0
6.526470086213154,15.60150724347435,1.0
13.876025551029377,31.60132486365321,1.0
17.2118986285346,29.138485576510295,1.0
12.140394881800155,17.5328025540323,0.0
37.07325311505625,39.297387942878686,1.0
16.92986236327498,22.934175055674128,1.0
40.048633928078054,81.48072584035893,0.0
38.644020261241266,76.88180734509598,0.0
42.069469146030826,83.00269599412152,0.0
23.061379691802284,30.489778096392683,1.0
43.72899484590101,88.0686575526767,0.0
37.394924206510744,79.32896296303765,0.0
38.50135326777007,82.12308276204668,0.0
25.508919201056166,32.26562632163026,1.0
42.897250644502925,88.72305742028679,0.0
12.833053984765805,6.651416071148196,1.0
43.579343785166095,88.98411888316147,0.0
17.167236916424113,21.54306581937897,1.0
16.771045503939845,26.594603765190904,1.0
-0.22174354017788467,3.1184787849298132,1.0
18.08146492347655,11.447011604433692,1.0
23.542918838377187,22.40806869382506,1.0
41.92967858139457,94.20259579448172,0.0
7.958343170775027,15.663708821947363,1.0
16.360494591556368,10.154908516513173,1.0
16.650287517878844,16.935492431814094,1.0
40.305986137034914,72.8645043520057,0.0
41.692758453640565,84.11173088857633,0.0
39.62862589440129,70.20161539721805,0.0
15.118607235740123,17.038472033623165,1.0
39.85101922696387,73.98805360466508,0.0
43.024451577508145,83.11054417533609,0.0
45.416298889795506,104.74505943447025,0.0
39.909715377037685,71.67020714887464,0.0
3.254262956350349,27.803212826715715,1.0
-0.07089936009859166,15.434439900425845,1.0
15.752975544801403,30.410519788830335,1.0
22.185114325191936,34.69963827409764,1.0
41.48745329709601,86.36201444694689,0.0
12.984211393932085,18.123661453209536,1.0
40.290897144363015,84.72282080073141,1.0
21.931725662259826,36.282973408981995,1.0
39.16995245647375,83.0254402334715,0.0
14.711588603044909,21.22076278859491,1.0
38.132322036778596,76.48746073855376,0.0
37.84996293690848,79.80143295858188,0.0
39.676727560928086,81.21623058200795,0.0
44.49296904916681,84.64954387245568,1.0
16.679544309347136,24.82488069325489,1.0
37.96916030274288,69.38072578141153,0.0
14.917238429696445,32.57645131915948,1.0
21.901780796835226,4.0560331537115495,1.0
38.738593222883885,83.95700009801705,0.0
40.25973899602512,74.73872954738866,0.0
27.943173951957668,23.57752419774995,1.0
17.167586427838533,18.197190378967555,1.0
44.35282928018553,87.73961863522786,0.0
41.31798972838887,81.00288754819896,0.0
17.08525591227673,17.14902315564581,1.0
16.52464385353879,14.624409565195766,1.0
42.5036952030657,90.0636102877584,0.0
38.55037593267092,82.18040734971416,0.0
42.991943228443446,86.87740837249456,0.0
36.830123036452555,64.86395284251924,0.0
35.93070729805088,76.59225827050773,0.0
21.806859168768607,24.421647112258235,1.0
12.08981983041028,10.534441041319656,1.0
41.833507038945115,85.06391289324728,0.0
